Designator,Footprint,Quantity,Value,LCSC Part #
C1,C_Disc_D5.0mm_W2.5mm_P2.50mm,1,1uF,
C2,C_Disc_D5.0mm_W2.5mm_P5.00mm,1,1uF,
C3,C_Disc_D5.0mm_W2.5mm_P2.50mm,1,1nF,
"H1, H2, H3, H4",MountingHole_3.2mm_M3_Pad,4,MountingHole_Pad,
J1,RJ45_Amphenol_RJHSE5380,1,OHIS_8p8c_Shield,
J2,Conn-3.5mm-TRRS-PJ-320L,1,Headphones,
J3,Conn-3.5mm-TRRS-PJ-320L,1,Microphone,
J4,Conn-3.5mm-TRRS-PJ-320L,1,PTT,
J5,PinHeader_2x02_P2.54mm_Vertical,1,Dynamic Mic Bypass,
J6,PinHeader_2x03_P2.54mm_Vertical,1,HP or CTIA,
Q1,TO-92_Inline,1,2N3904,
R1,R_Axial_DIN0207_L6.3mm_D2.5mm_P10.16mm_Horizontal,1,75k,
R2,R_Axial_DIN0207_L6.3mm_D2.5mm_P10.16mm_Horizontal,1,27k,
R3,R_Axial_DIN0207_L6.3mm_D2.5mm_P10.16mm_Horizontal,1,470,
SW1,SW_PUSH_6mm_H9.5mm,1,SW_Push,
